,Locus,Location Address,Lat,Long
0,"St. Paul, Minnesota","St. Paul, Ramsey County, Minnesota, United States of America",44.9504037,-93.1015026
1,"North Chicago, Illinois","North Chicago, Illinois, 60064, United States of America",42.325578,-87.8411818
2,"North Chicago, Illinois","North Chicago, Illinois, 60064, United States of America",42.325578,-87.8411818
3,"Danvers, Massachusetts","Danvers, Essex County, Massachusetts, United States of America",42.5750946,-70.9300507
4,"Dublin, Ireland","Dublin, County Dublin, Leinster, Ireland",53.3497645,-6.2602732
5,"Santa Monica, California","Santa Monica, Los Angeles County, California, United States of America",34.0250724,-118.4965129
6,"San Jose, California","San Jose, Santa Clara County, California, United States of America",37.3361905,-121.8905833
7,"Santa Clara, California","Santa Clara County, California, United States of America",37.2333253,-121.6846349
8,"Raleigh, North Carolina","Raleigh, Wake County, North Carolina, United States of America",35.7803977,-78.6390989
9,"Arlington, Virginia","Arlington, Arlington County, Virginia, United States of America",38.8903961,-77.0841585
10,"Columbus, Georgia","Columbus, Muscogee County, Georgia, United States of America",32.4609764,-84.9877094
11,"Santa Clara, California","Santa Clara County, California, United States of America",37.2333253,-121.6846349
12,"Allentown, Pennsylvania","Allentown, Lehigh County, Pennsylvania, United States of America",40.6022059,-75.4712794
13,"Cambridge, Massachusetts","Cambridge, Middlesex County, Massachusetts, United States of America",42.3750997,-71.1056157
14,"Seattle, Washington","Seattle, King County, Washington, United States of America",47.6038321,-122.3300624
15,"Charlotte, North Carolina","Charlotte, Mecklenburg County, North Carolina, United States of America",35.2272,-80.843083
16,"Pasadena, California","Pasadena, Los Angeles County, California, United States of America",34.1476452,-118.1444779
17,"Boston, Massachusetts","Boston, Suffolk County, Massachusetts, United States of America",42.3602534,-71.0582912
18,"San Jose, California","San Jose, Santa Clara County, California, United States of America",37.3361905,-121.8905833
19,"Dublin, Ireland","Dublin, County Dublin, Leinster, Ireland",53.3497645,-6.2602732
20,"Madison, Wisconsin","Madison, Dane, Wisconsin, United States of America",43.074761,-89.3837613
21,"Northfield Township, Illinois","Northfield Township, Cook County, Illinois, United States of America",42.10910525,-87.82931879947347
22,"Mountain View, California","Mountain View, Santa Clara County, California, United States of America",37.3893889,-122.0832101
23,"Mountain View, California","Mountain View, Santa Clara County, California, United States of America",37.3893889,-122.0832101
24,"Richmond, Virginia","Richmond, Richmond City, Virginia, 23298, United States of America",37.5385087,-77.43428
25,"Seattle, Washington","Seattle, King County, Washington, United States of America",47.6038321,-122.3300624
26,"St. Louis, Missouri","St. Louis, City of Saint Louis, Missouri, United States of America",38.6268039,-90.1994097
27,"Fort Worth, Texas","Fort Worth, Tarrant County, Texas, United States of America",32.753177,-97.3327459
28,"Columbus, Ohio","Columbus, Franklin County, Ohio, United States of America",39.9622601,-83.0007065
29,"New York, New York","New York, United States of America",40.7127281,-74.0060152
30,"New York, New York","New York, United States of America",40.7127281,-74.0060152
31,"Boston, Massachusetts","Boston, Suffolk County, Massachusetts, United States of America",42.3602534,-71.0582912
32,"Camden, New Jersey","Camden, Camden County, New Jersey, United States of America",39.9448402,-75.1198911
33,"Minneapolis, Minnesota","Minneapolis, Hennepin County, Minnesota, United States of America",44.9772995,-93.2654692
34,"Chesterbrook, Pennsylvania","Chesterbrook, Howellville, Tredyffrin Township, Chester County, Pennsylvania, United States of America",40.0726519,-75.45624634111579
35,"Berwyn, Pennsylvania","Berwyn, Chester County, Pennsylvania, 19312, United States of America",40.0448306,-75.4388053
36,"Thousand Oaks, California","Thousand Oaks, Ventura County, California, United States of America",34.17142715,-118.91058772974445
37,"Wallingford, Connecticut","Wallingford, Connecticut, New Haven County, Connecticut, 06492, United States of America",41.4570418,-72.8231552
38,"Norwood, Massachusetts","Norwood, Norfolk County, Massachusetts, United States of America",42.194543,-71.1994976
39,"Canonsburg, Pennsylvania","Canonsburg, Washington County, Pennsylvania, United States of America",40.2625702,-80.1872797
40,"Indianapolis, Indiana","Indianapolis, Marion, Indiana, United States of America",39.7683331,-86.1583502
41,"London, United Kingdom","London, Greater London, England, United Kingdom",51.5073219,-0.1276474
42,"Milwaukee, Wisconsin","Milwaukee, Milwaukee County, Wisconsin, United States of America",43.0349931,-87.922497
43,"Houston, Texas","Houston, Harris County, Texas, United States of America",29.7589382,-95.3676974
44,"Denver, Colorado","Denver, Denver County, Colorado, United States of America",39.7392364,-104.9848623
45,"Cupertino, California","Cupertino, Santa Clara County, California, United States of America",37.3228934,-122.0322895
46,"Santa Clara, California","Santa Clara County, California, United States of America",37.2333253,-121.6846349
47,"Dublin, Ireland","Dublin, County Dublin, Leinster, Ireland",53.3497645,-6.2602732
48,"Chicago, Illinois","Chicago, Cook County, Illinois, United States of America",41.8755616,-87.6244212
49,"Santa Clara, California","Santa Clara County, California, United States of America",37.2333253,-121.6846349
50,"Itasca, Illinois","Itasca, DuPage County, Illinois, 60143, United States of America",41.9751722,-88.0067509
51,"New York, New York","New York, United States of America",40.7127281,-74.0060152
52,"Dallas, Texas","Dallas, Dallas County, Texas, United States of America",32.7762719,-96.7968559
53,"Dallas, Texas","Dallas, Dallas County, Texas, United States of America",32.7762719,-96.7968559
54,"San Rafael, California","San Rafael, Marin County, California, United States of America",37.9735346,-122.5310874
55,"Roseland, New Jersey","Roseland, Essex County, New Jersey, 07068, United States of America",40.8206555,-74.2937595
56,"Memphis, Tennessee","Memphis, Shelby County, Tennessee, United States of America",35.1490215,-90.0516285
57,"Glendale, California","Glendale, Los Angeles County, California, United States of America",34.1469416,-118.2478471
58,"Houston, Texas","Houston, Harris County, Texas, United States of America",29.7589382,-95.3676974
59,"Broomfield, Colorado","Broomfield, City and County of Broomfield, Colorado, 80020, United States of America",39.9203827,-105.0691464
60,"Charlotte, North Carolina","Charlotte, Mecklenburg County, North Carolina, United States of America",35.2272,-80.843083
61,"New York, New York","New York, United States of America",40.7127281,-74.0060152
62,"Deerfield, Illinois","Deerfield, Illinois, United States of America",42.1711365,-87.8445119
63,"Franklin Lakes, New Jersey","Franklin Lakes, Bergen County, New Jersey, 07417, United States of America",41.0167639,-74.2057012
64,"Omaha, Nebraska","Omaha, Douglas County, Nebraska, United States of America",41.2587459,-95.9383758
65,"Richfield, Minnesota","Richfield, Hennepin County, Minnesota, United States of America",44.8766431,-93.2877877
66,"Hercules, California","Hercules, Contra Costa County, California, 94547, United States of America",38.0171441,-122.2885808
67,"Cambridge, Massachusetts","Cambridge, Middlesex County, Massachusetts, United States of America",42.3750997,-71.1056157
68,"New York, New York","New York, United States of America",40.7127281,-74.0060152
69,"Chicago, Illinois","Chicago, Cook County, Illinois, United States of America",41.8755616,-87.6244212
70,"Norwalk, Connecticut","Norwalk, Fairfield County, Connecticut, United States of America",41.1175966,-73.4078968
71,"Auburn Hills, Michigan","Auburn Hills, Oakland County, Michigan, United States of America",42.6875323,-83.2341028
72,"Boston, Massachusetts","Boston, Suffolk County, Massachusetts, United States of America",42.3602534,-71.0582912
73,"New York, New York","New York, United States of America",40.7127281,-74.0060152
74,"San Jose, California","San Jose, Santa Clara County, California, United States of America",37.3361905,-121.8905833
75,"Lake Success, New York","Lake Success, North Hempstead, Nassau County, New York, United States of America",40.7706572,-73.7176312
76,"Louisville, Kentucky","Louisville, Jefferson County, Kentucky, United States of America",38.2542376,-85.759407
77,"Eden Prairie, Minnesota","Eden Prairie, Hennepin County, Minnesota, United States of America",44.8546856,-93.470786
78,"Houston, Texas","Houston, Harris County, Texas, United States of America",29.7589382,-95.3676974
79,"San Jose, California","San Jose, Santa Clara County, California, United States of America",37.3361905,-121.8905833
80,"Camden, New Jersey","Camden, Camden County, New Jersey, United States of America",39.9448402,-75.1198911
81,"Tysons Corner, Virginia","Tysons, Fairfax County, Virginia, United States of America",38.918592,-77.2314723
82,"Dublin, Ohio","Dublin, Franklin County, Ohio, United States of America",40.0992294,-83.1140771
83,"Richmond, Virginia","Richmond, Richmond City, Virginia, 23298, United States of America",37.5385087,-77.43428
84,"Miami, Florida","Miami, Miami-Dade County, Florida, United States of America",25.7742658,-80.1936589
85,"Palm Beach Gardens, Florida","Palm Beach Gardens, Palm Beach County, Florida, United States of America",26.8418256,-80.13590694666684
86,"Somerset, New Jersey","Somerset, Franklin Township, Somerset County, New Jersey, 08873, United States of America",40.5012385,-74.48547748517902
87,"Deerfield, Illinois","Deerfield, Illinois, United States of America",42.1711365,-87.8445119
88,"Chicago, Illinois","Chicago, Cook County, Illinois, United States of America",41.8755616,-87.6244212
89,"Los Angeles, California","Los Angeles, Los Angeles County, California, United States of America",34.0536909,-118.2427666
90,"Lincolnshire, Illinois","Lincolnshire, Illinois, United States of America",42.1900249,-87.9084039
91,"Irving, Texas","Irving, Dallas County, Texas, United States of America",32.8295183,-96.9442177
92,"St. Louis, Missouri","St. Louis, City of Saint Louis, Missouri, United States of America",38.6268039,-90.1994097
93,"Houston, Texas","Houston, Harris County, Texas, United States of America",29.7589382,-95.3676974
94,"North Kansas City, Missouri","North Kansas City, Clay County, Missouri, United States of America",39.1432057,-94.5733988
95,"Deerfield, Illinois","Deerfield, Illinois, United States of America",42.1711365,-87.8445119
96,"San Francisco, California","San Francisco, San Francisco City and County, California, United States of America",37.7790262,-122.4199061
97,"Stamford, Connecticut","Stamford, Fairfield County, Connecticut, United States of America",41.0534302,-73.5387341
98,"San Ramon, California","San Ramon, Contra Costa County, California, United States of America",37.7648021,-121.9544387
99,"Newport Beach, California","Newport Beach, Orange County, California, United States of America",33.6170092,-117.9294401
100,"Zurich, Switzerland","Zürich, Bezirk Zürich, Zürich, Switzerland",47.3723941,8.5423328
101,"Ewing, New Jersey","Ewing, Ewing Township, Mercer County, New Jersey, 08628, United States of America",40.2688105,-74.8006895
102,"Bloomfield, Connecticut","Bloomfield, Hartford County, Connecticut, 06002, United States of America",41.826488,-72.7300945
103,"Fairfield, Ohio","Fairfield County, Ohio, United States of America",39.7886111,-82.6418883
104,"Mason, Ohio","Mason, Warren County, Ohio, 45040, United States of America",39.3600586,-84.309939
105,"San Jose, California","San Jose, Santa Clara County, California, United States of America",37.3361905,-121.8905833
106,"New York, New York","New York, United States of America",40.7127281,-74.0060152
107,"Providence, Rhode Island","Providence, Providence County, Rhode Island, United States of America",41.8239891,-71.4128343
108,"Fort Lauderdale, Florida","Fort Lauderdale, Broward County, Florida, United States of America",26.1223084,-80.1433786
109,"Oakland, California","Oakland, Alameda County, California, United States of America",37.8044557,-122.2713563
110,"Chicago, Illinois","Chicago, Cook County, Illinois, United States of America",41.8755616,-87.6244212
111,"Jackson, Michigan","Jackson County, Michigan, United States of America",42.2416466,-84.425589
112,"Atlanta, Georgia","Atlanta, Georgia, United States of America",33.7490987,-84.3901849
113,"Teaneck, New Jersey","Teaneck Township, Bergen County, New Jersey, 07666, United States of America",40.8860164,-74.0072568
114,"New York, New York","New York, United States of America",40.7127281,-74.0060152
115,"Philadelphia, Pennsylvania","Philadelphia, Philadelphia County, Pennsylvania, United States of America",39.9527237,-75.1635262
116,"Dallas, Texas","Dallas, Dallas County, Texas, United States of America",32.7762719,-96.7968559
117,"Chicago, Illinois","Chicago, Cook County, Illinois, United States of America",41.8755616,-87.6244212
118,"Midland, Texas","Midland, Midland County, Texas, United States of America",31.9973662,-102.0779482
119,"Houston, Texas","Houston, Harris County, Texas, United States of America",29.7589382,-95.3676974
120,"New York, New York","New York, United States of America",40.7127281,-74.0060152
121,"Victor, New York","Victor, Victor Town, Ontario County, New York, United States of America",42.9825634,-77.4088794
122,"San Ramon, California","San Ramon, Contra Costa County, California, United States of America",37.7648021,-121.9544387
123,"Dallas, Texas","Dallas, Dallas County, Texas, United States of America",32.7762719,-96.7968559
124,"Corning, New York","Corning, Steuben County, New York, United States of America",42.1435257,-77.0543408
125,"Wilmington, Delaware","Wilmington, New Castle County, Delaware, United States of America",39.7459468,-75.546589
126,"Issaquah, Washington","Issaquah, King County, Washington, United States of America",47.5348778,-122.0432974
127,"Houston, Texas","Houston, Harris County, Texas, United States of America",29.7589382,-95.3676974
128,"Jacksonville, Florida","Jacksonville, Duval County, Florida, United States of America",30.3321838,-81.655651
129,"Columbus, Indiana","Columbus, Bartholomew County, Indiana, 47201, United States of America",39.2014405,-85.9213796
130,"Woonsocket, Rhode Island","Woonsocket, Providence County, Rhode Island, 02895, United States of America",42.0028761,-71.5147839
131,"Fort Worth, Texas","Fort Worth, Tarrant County, Texas, United States of America",32.753177,-97.3327459
132,"Washington, D.C.","Washington, District of Columbia, 20230, United States of America",38.8949924,-77.0365581
133,"Orlando, Florida","Orlando, Orange County, Florida, United States of America",28.5421109,-81.3790304
134,"Denver, Colorado","Denver, Denver County, Colorado, United States of America",39.7392364,-104.9848623
135,"Moline, Illinois","Moline, Rock Island County, Illinois, 61265, United States of America",41.5067003,-90.5151342
136,"Atlanta, Georgia","Atlanta, Georgia, United States of America",33.7490987,-84.3901849
137,"Charlotte, North Carolina","Charlotte, Mecklenburg County, North Carolina, United States of America",35.2272,-80.843083
138,"Oklahoma City, Oklahoma","Oklahoma City, Oklahoma County, Oklahoma, United States of America",35.4729886,-97.5170536
139,"San Diego, California","San Diego, San Diego County, California, United States of America",32.7174209,-117.1627714
140,"Midland, Texas","Midland, Midland County, Texas, United States of America",31.9973662,-102.0779482
141,"San Francisco, California","San Francisco, San Francisco City and County, California, United States of America",37.7790262,-122.4199061
142,"Riverwoods, Illinois","Riverwoods, Illinois, United States of America",42.1676068,-87.8970986
143,"Silver Spring, Maryland","Silver Spring, Montgomery County, Maryland, United States of America",38.9959461,-77.0276231
144,"Silver Spring, Maryland","Silver Spring, Montgomery County, Maryland, United States of America",38.9959461,-77.0276231
145,"Meridian, Colorado","Meridian, Douglas County, Colorado, United States of America",39.531752600000004,-104.84833537674014
146,"Goodlettsville, Tennessee","Goodlettsville, Sumner County, Tennessee, 37072, United States of America",36.334911500000004,-86.70533913302022
147,"Chesapeake, Virginia","Chesapeake, Virginia, United States of America",36.7183708,-76.2466798
148,"Richmond, Virginia","Richmond, Richmond City, Virginia, 23298, United States of America",37.5385087,-77.43428
149,"Ann Arbor, Michigan","Ann Arbor, Washtenaw County, Michigan, United States of America",42.2681569,-83.7312291
150,"Downers Grove, Illinois","Downers Grove, DuPage County, Illinois, United States of America",41.7938195,-88.010376
151,"Midland, Michigan","Midland, Midland County, Michigan, United States of America",43.6155825,-84.2472117
152,"Detroit, Michigan","Detroit, Wayne County, Michigan, United States of America",42.3315509,-83.0466403
153,"Charlotte, North Carolina","Charlotte, Mecklenburg County, North Carolina, United States of America",35.2272,-80.843083
154,"Indianapolis, Indiana","Indianapolis, Marion, Indiana, United States of America",39.7683331,-86.1583502
155,"Midland, Michigan","Midland, Midland County, Michigan, United States of America",43.6155825,-84.2472117
156,"Tysons Corner, Virginia","Tysons, Fairfax County, Virginia, United States of America",38.918592,-77.2314723
157,"New York, New York","New York, United States of America",40.7127281,-74.0060152
158,"Kingsport, Tennessee","Kingsport, Sullivan County, Tennessee, United States of America",36.550238,-82.5594293
159,"Dublin, Ireland","Dublin, County Dublin, Leinster, Ireland",53.3497645,-6.2602732
160,"San Jose, California","San Jose, Santa Clara County, California, United States of America",37.3361905,-121.8905833
161,"St. Paul, Minnesota","St. Paul, Ramsey County, Minnesota, United States of America",44.9504037,-93.1015026
162,"Rosemead, California","Rosemead, Los Angeles County, California, 91770, United States of America",34.0676169,-118.0879763
163,"Irvine, California","Irvine, Orange County, California, United States of America",33.6856969,-117.8259819
164,"Redwood City, California","Redwood City, San Mateo County, California, United States of America",37.4863239,-122.2325233
165,"Ferguson, Missouri","Ferguson, Saint Louis County, Missouri, 63135, United States of America",38.744707,-90.3038975
166,"New Orleans, Louisiana","New Orleans, Orleans Parish, Louisiana, United States of America",29.9499323,-90.0701156
167,"Houston, Texas","Houston, Harris County, Texas, United States of America",29.7589382,-95.3676974
168,"Atlanta, Georgia","Atlanta, Georgia, United States of America",33.7490987,-84.3901849
169,"Redwood City, California","Redwood City, San Mateo County, California, United States of America",37.4863239,-122.2325233
170,"Chicago, Illinois","Chicago, Cook County, Illinois, United States of America",41.8755616,-87.6244212
171,"San Mateo, California","San Mateo County, California, United States of America",37.496904,-122.3330573
172,"New York, New York","New York, United States of America",40.7127281,-74.0060152
173,"Brooklyn, New York","Brooklyn, Kings County, New York, United States of America",40.6501038,-73.9495823
174,"Kansas City, Missouri","Kansas City, Jackson County, Missouri, United States of America",39.100105,-94.5781416
175,"Springfield, Massachusetts","Springfield, Hampden County, Massachusetts, United States of America",42.1014831,-72.589811
176,"Hamilton, Bermuda","Hamilton, City of Hamilton, HM 10, Bermuda",32.2956076,-64.7827048
177,"Chicago, Illinois","Chicago, Cook County, Illinois, United States of America",41.8755616,-87.6244212
178,"Seattle, Washington","Seattle, King County, Washington, United States of America",47.6038321,-122.3300624
179,"Seattle, Washington","Seattle, King County, Washington, United States of America",47.6038321,-122.3300624
180,"Salt Lake City, Utah","Salt Lake City, Salt Lake County, Utah, United States of America",40.7596198,-111.8867975
181,"Irving, Texas","Irving, Dallas County, Texas, United States of America",32.8295183,-96.9442177
182,"Seattle, Washington","Seattle, King County, Washington, United States of America",47.6038321,-122.3300624
183,"Menlo Park, California","Menlo Park, San Mateo County, California, United States of America",37.4519671,-122.1779927
184,"Winona, Minnesota","Winona County, Minnesota, United States of America",43.9582272,-91.7807784
185,"Rockville, Maryland","Rockville, Montgomery County, Maryland, United States of America",39.0840054,-77.1527573
186,"Memphis, Tennessee","Memphis, Shelby County, Tennessee, United States of America",35.1490215,-90.0516285
187,"Jacksonville, Florida","Jacksonville, Duval County, Florida, United States of America",30.3321838,-81.655651
188,"Cincinnati, Ohio","Cincinnati, Hamilton County, Ohio, United States of America",39.1014537,-84.5124602
189,"Akron, Ohio","Akron, Summit County, Ohio, United States of America",41.083064,-81.518485
190,"San Francisco, California","San Francisco, San Francisco City and County, California, United States of America",37.7790262,-122.4199061
191,"Brookfield, Wisconsin","Brookfield, Waukesha County, Wisconsin, United States of America",43.0605671,-88.1064787
192,"Norcross, Georgia","Norcross, Gwinnett County, Georgia, 30071, United States of America",33.9412127,-84.2135309
193,"Wilsonville, Oregon","Wilsonville, Clackamas County, Oregon, United States of America",45.3099218,-122.7681602
194,"Irving, Texas","Irving, Dallas County, Texas, United States of America",32.8295183,-96.9442177
195,"Philadelphia, Pennsylvania","Philadelphia, Philadelphia County, Pennsylvania, United States of America",39.9527237,-75.1635262
196,"Dearborn, Michigan","Dearborn, Wayne County, Michigan, United States of America",42.3222599,-83.1763145
197,"Sunnyvale, California","Sunnyvale, Santa Clara County, California, United States of America",37.3688301,-122.0363496
198,"Everett, Washington","Everett, Snohomish County, Washington, United States of America",47.9673056,-122.2013998
199,"Deerfield, Illinois","Deerfield, Illinois, United States of America",42.1711365,-87.8445119
200,"New York, New York","New York, United States of America",40.7127281,-74.0060152
201,"New York, New York","New York, United States of America",40.7127281,-74.0060152
202,"San Mateo, California","San Mateo County, California, United States of America",37.496904,-122.3330573
203,"Phoenix, Arizona","Phoenix, Maricopa County, Arizona, United States of America",33.4484367,-112.0741417
204,"San Francisco, California","San Francisco, San Francisco City and County, California, United States of America",37.7790262,-122.4199061
205,"Schaffhausen, Switzerland","Schaffhausen, Switzerland",47.6960491,8.634513
206,"Stamford, Connecticut","Stamford, Fairfield County, Connecticut, United States of America",41.0534302,-73.5387341
207,"Falls Church, Virginia","Falls Church City, Virginia, United States of America",38.882334,-77.1710914
208,"Boston, Massachusetts","Boston, Suffolk County, Massachusetts, United States of America",42.3602534,-71.0582912
209,"Golden Valley, Minnesota","Golden Valley, Hennepin County, Minnesota, United States of America",44.9861176,-93.3784618
210,"Detroit, Michigan","Detroit, Wayne County, Michigan, United States of America",42.3315509,-83.0466403
211,"Atlanta, Georgia","Atlanta, Georgia, United States of America",33.7490987,-84.3901849
212,"Foster City, California","Foster City, San Mateo County, California, United States of America",37.5600336,-122.2688522
213,"McKinney, Texas","McKinney, Collin County, Texas, United States of America",33.1976496,-96.6154471
214,"Atlanta, Georgia","Atlanta, Georgia, United States of America",33.7490987,-84.3901849
215,"New York, New York","New York, United States of America",40.7127281,-74.0060152
216,"Lake Forest, Illinois","Lake Forest, Illinois, 60045, United States of America",42.2586342,-87.840625
217,"Houston, Texas","Houston, Harris County, Texas, United States of America",29.7589382,-95.3676974
218,"Winston-Salem, North Carolina","Winston-Salem, Forsyth County, North Carolina, United States of America",36.0998131,-80.2440518
219,"Hartford, Connecticut","Hartford, Hartford County, Connecticut, United States of America",41.764582,-72.6908547
220,"Pawtucket, Rhode Island","Pawtucket, Providence County, Rhode Island, United States of America",41.878711,-71.3825558
221,"Nashville, Tennessee","Nashville-Davidson, Davidson County, Tennessee, United States of America",36.1622296,-86.7743531
222,"Long Beach, California","Long Beach, Los Angeles County, California, United States of America",33.7690164,-118.1916048
223,"Melville, New York","Melville, Suffolk County, New York, 11747, United States of America",40.7862225,-73.40799498062145
224,"Hershey, Pennsylvania","Hershey, Dauphin County, Pennsylvania, 17033-1712, United States of America",40.2854881,-76.6506001
225,"New York, New York","New York, United States of America",40.7127281,-74.0060152
226,"Palo Alto, California","Palo Alto, Santa Clara County, California, United States of America",37.4443293,-122.1598465
227,"Tysons Corner, Virginia","Tysons, Fairfax County, Virginia, United States of America",38.918592,-77.2314723
228,"Dallas, Texas","Dallas, Dallas County, Texas, United States of America",32.7762719,-96.7968559
229,"Marlborough, Massachusetts","Marlborough, Middlesex County, Massachusetts, United States of America",42.3459271,-71.5522874
230,"Atlanta, Georgia","Atlanta, Georgia, United States of America",33.7490987,-84.3901849
231,"Morristown, New Jersey","Morristown, Morris County, New Jersey, 07960, United States of America",40.7970384,-74.4809492
232,"Austin, Minnesota","Austin, Mower County, Minnesota, United States of America",43.6680928,-92.9744896
233,"Bethesda, Maryland","Bethesda, Montgomery County, Maryland, United States of America",38.9819845,-77.12423413116392
234,"Pittsburgh, Pennsylvania","Pittsburgh, Allegheny County, Pennsylvania, United States of America",40.4416941,-79.9900861
235,"Palo Alto, California","Palo Alto, Santa Clara County, California, United States of America",37.4443293,-122.1598465
236,"Louisville, Kentucky","Louisville, Jefferson County, Kentucky, United States of America",38.2542376,-85.759407
237,"Columbus, Ohio","Columbus, Franklin County, Ohio, United States of America",39.9622601,-83.0007065
238,"Newport News, Virginia","Newport News, Newport News City, Virginia, United States of America",36.9786449,-76.4321089
239,"Lake Forest, Illinois","Lake Forest, Illinois, 60045, United States of America",42.2586342,-87.840625
240,"Westbrook, Maine","Westbrook, Cumberland County, Maine, 04092, United States of America",43.6770252,-70.3711617
241,"London, United Kingdom","London, Greater London, England, United Kingdom",51.5073219,-0.1276474
242,"Glenview, Illinois","Glenview, Northfield Township, Cook County, Illinois, United States of America",42.0700662,-87.8114044
243,"San Diego, California","San Diego, San Diego County, California, United States of America",32.7174209,-117.1627714
244,"Wilmington, Delaware","Wilmington, New Castle County, Delaware, United States of America",39.7459468,-75.546589
245,"Milwaukee, Wisconsin","Milwaukee, Milwaukee County, Wisconsin, United States of America",43.0349931,-87.922497
246,"Santa Clara, California","Santa Clara County, California, United States of America",37.2333253,-121.6846349
247,"Atlanta, Georgia","Atlanta, Georgia, United States of America",33.7490987,-84.3901849
248,"Armonk, New York","Armonk, Town of North Castle, Westchester County, New York, 10504, United States of America",41.1330485,-73.71262371614495
249,"Memphis, Tennessee","Memphis, Shelby County, Tennessee, United States of America",35.1490215,-90.0516285
250,"New York, New York","New York, United States of America",40.7127281,-74.0060152
251,"New York, New York","New York, United States of America",40.7127281,-74.0060152
252,"Mountain View, California","Mountain View, Santa Clara County, California, United States of America",37.3893889,-122.0832101
253,"Sunnyvale, California","Sunnyvale, Santa Clara County, California, United States of America",37.3688301,-122.0363496
254,"Atlanta, Georgia","Atlanta, Georgia, United States of America",33.7490987,-84.3901849
255,"Oxford, Massachusetts","Oxford, Worcester County, Massachusetts, 01540, United States of America",42.1336307,-71.8592889
256,"Durham, North Carolina","Durham, Durham County, North Carolina, United States of America",35.996653,-78.9018053
257,"Boston, Massachusetts","Boston, Suffolk County, Massachusetts, United States of America",42.3602534,-71.0582912
258,"Monett, Missouri","Monett, Barry County, Missouri, 65708, United States of America",36.9289518,-93.9277149
259,"Dallas, Texas","Dallas, Dallas County, Texas, United States of America",32.7762719,-96.7968559
260,"Lowell, Arkansas","Lowell, Benton County, Arkansas, United States of America",36.2553543,-94.1307587
261,"Orrville, Ohio","Orrville, Wayne County, Ohio, 44667, United States of America",40.8436664,-81.7640212
262,"New Brunswick, New Jersey","New Brunswick, Middlesex County, New Jersey, United States of America",40.4862174,-74.4518173
263,"Cork, Ireland","Cork, Cork City 2019, County Cork, Munster, T12 EE6N, Ireland",51.8979282,-8.4705806
264,"New York, New York","New York, United States of America",40.7127281,-74.0060152
265,"Sunnyvale, California","Sunnyvale, Santa Clara County, California, United States of America",37.3688301,-122.0363496
266,"Kansas City, Missouri","Kansas City, Jackson County, Missouri, United States of America",39.100105,-94.5781416
267,"Battle Creek, Michigan","Battle Creek, Calhoun County, Michigan, 49015, United States of America",42.3192548,-85.1824269
268,"Cleveland, Ohio","Cleveland, Cuyahoga County, Ohio, United States of America",41.5051613,-81.6934446
269,"Santa Rosa, California","Santa Rosa, Sonoma County, California, United States of America",38.4404925,-122.7141049
270,"Irving, Texas","Irving, Dallas County, Texas, United States of America",32.8295183,-96.9442177
271,"New Hyde Park, New York","New Hyde Park, 2nd Avenue, Hempstead, Nassau County, New York, 11040, United States of America",40.7308451,-73.6805499
272,"Houston, Texas","Houston, Harris County, Texas, United States of America",29.7589382,-95.3676974
273,"Milpitas, California","Milpitas, Santa Clara County, California, United States of America",37.4282724,-121.9066238
274,"Cincinnati, Ohio","Cincinnati, Hamilton County, Ohio, United States of America",39.1014537,-84.5124602
275,"Columbus, Ohio","Columbus, Franklin County, Ohio, United States of America",39.9622601,-83.0007065
276,"Melbourne, Florida","Melbourne, Brevard County, Florida, United States of America",28.0836269,-80.6081089
277,"Burlington, North Carolina","Burlington, Alamance County, North Carolina, United States of America",36.0956918,-79.4377991
278,"Fremont, California","Fremont, Alameda County, California, United States of America",37.5482697,-121.9885719
279,"Eagle, Idaho","Eagle, Ada County, Idaho, 83616, United States of America",43.6954424,-116.3540138
280,"Las Vegas, Nevada","Las Vegas, Clark County, Nevada, United States of America",36.1672559,-115.1485163
281,"Carthage, Missouri","Carthage, Jasper County, Missouri, 64836, United States of America",37.1765141,-94.3103412
282,"Reston, Virginia","Reston, Fairfax County, Virginia, United States of America",38.9583737,-77.3579805
283,"Miami, Florida","Miami, Miami-Dade County, Florida, United States of America",25.7742658,-80.1936589
284,"Indianapolis, Indiana","Indianapolis, Marion, Indiana, United States of America",39.7683331,-86.1583502
285,"Radnor, Pennsylvania","Radnor, Delaware County, Pennsylvania, 19080, United States of America",40.0463001,-75.3595487
286,"Guildford, Surrey, United Kingdom","Guildford, Surrey, South East, England, United Kingdom",51.2356068,-0.5732063
287,"Beverly Hills, California","Beverly Hills, Los Angeles County, California, United States of America",34.0696501,-118.3963062
288,"Chicago, Illinois","Chicago, Cook County, Illinois, United States of America",41.8755616,-87.6244212
289,"Bethesda, Maryland","Bethesda, Montgomery County, Maryland, United States of America",38.9819845,-77.12423413116392
290,"New York, New York","New York, United States of America",40.7127281,-74.0060152
291,"Mooresville, North Carolina","Mooresville, Iredell County, North Carolina, United States of America",35.5848596,-80.8100724
292,"Monroe, Louisiana","Monroe, Ouachita Parish, Louisiana, United States of America",32.5093109,-92.1193012
293,"Rotterdam, Netherlands","Rotterdam, 1207, Weena, CS-Kwartier, Centrum, Rotterdam, Zuid-Holland, Nederland, 3013AL, Nederland",51.9228934,4.4631786
294,"Buffalo, New York","Buffalo, Erie County, New York, United States of America",42.8867166,-78.8783922
295,"Houston, Texas","Houston, Harris County, Texas, United States of America",29.7589382,-95.3676974
296,"Findlay, Ohio","Findlay, Hancock County, Ohio, 45840, United States of America",41.0413873,-83.6503982
297,"New York, New York","New York, United States of America",40.7127281,-74.0060152
298,"Bethesda, Maryland","Bethesda, Montgomery County, Maryland, United States of America",38.9819845,-77.12423413116392
299,"New York, New York","New York, United States of America",40.7127281,-74.0060152
300,"Raleigh, North Carolina","Raleigh, Wake County, North Carolina, United States of America",35.7803977,-78.6390989
301,"Livonia, Michigan","Livonia, Wayne County, Michigan, United States of America",42.36837,-83.3527097
302,"Harrison, New York","Harrison, Westchester County, New York, United States of America",40.9689871,-73.71263
303,"Hunt Valley, Maryland","Hunt Valley, 98, Shawan Road, Hunt Valley, Cockeysville, Baltimore County, Maryland, 21030, United States of America",39.4962709,-76.6542571
304,"San Jose, California","San Jose, Santa Clara County, California, United States of America",37.3361905,-121.8905833
305,"Chicago, Illinois","Chicago, Cook County, Illinois, United States of America",41.8755616,-87.6244212
306,"Irving, Texas","Irving, Dallas County, Texas, United States of America",32.8295183,-96.9442177
307,"Dublin, Ireland","Dublin, County Dublin, Leinster, Ireland",53.3497645,-6.2602732
308,"Kenilworth, New Jersey","Kenilworth, Union County, New Jersey, 07033, United States of America",40.6760225,-74.289262
309,"New York, New York","New York, United States of America",40.7127281,-74.0060152
310,"Columbus, Ohio","Columbus, Franklin County, Ohio, United States of America",39.9622601,-83.0007065
311,"Paradise, Nevada","Paradise, Clark County, Nevada, United States of America",36.1150858,-115.1734142
312,"Chandler, Arizona","Chandler, Maricopa County, Arizona, United States of America",33.3062223,-111.8413317
313,"Boise, Idaho","Boise, Ada County, Idaho, United States of America",43.6166163,-116.200886
314,"Redmond, Washington","Redmond, King County, Washington, United States of America",47.6694141,-122.1238767
315,"Memphis, Tennessee","Memphis, Shelby County, Tennessee, United States of America",35.1490215,-90.0516285
316,"Calhoun, Georgia","Calhoun County, Georgia, United States of America",31.5311784,-84.614328
317,"Denver, Colorado","Denver, Denver County, Colorado, United States of America",39.7392364,-104.9848623
318,"Chicago, Illinois","Chicago, Cook County, Illinois, United States of America",41.8755616,-87.6244212
319,"Corona, California","Corona, Riverside County, California, United States of America",33.8752945,-117.5664449
320,"New York, New York","New York, United States of America",40.7127281,-74.0060152
321,"New York, New York","New York, United States of America",40.7127281,-74.0060152
322,"Tampa, Florida","Tampa, Hillsborough County, Florida, United States of America",27.9477595,-82.458444
323,"Chicago, Illinois","Chicago, Cook County, Illinois, United States of America",41.8755616,-87.6244212
324,"New York, New York","New York, United States of America",40.7127281,-74.0060152
325,"Amsterdam, Netherlands","Amsterdam, Noord-Holland, Nederland",52.3727598,4.8936041
326,"New York, New York","New York, United States of America",40.7127281,-74.0060152
327,"Houston, Texas","Houston, Harris County, Texas, United States of America",29.7589382,-95.3676974
328,"Sunnyvale, California","Sunnyvale, Santa Clara County, California, United States of America",37.3688301,-122.0363496
329,"Los Gatos, California","Los Gatos, Santa Clara County, California, United States of America",37.226611,-121.9746797
330,"Atlanta, Georgia","Atlanta, Georgia, United States of America",33.7490987,-84.3901849
331,"Denver, Colorado","Denver, Denver County, Colorado, United States of America",39.7392364,-104.9848623
332,"New York, New York","New York, United States of America",40.7127281,-74.0060152
333,"New York, New York","New York, United States of America",40.7127281,-74.0060152
334,"Juno Beach, Florida","Juno Beach, Palm Beach County, Florida, United States of America",26.8797819,-80.0533743
335,"New York, New York","New York, United States of America",40.7127281,-74.0060152
336,"Washington County, Oregon","Washington County, Oregon, United States of America",45.5601883,-123.0587907
337,"Merrillville, Indiana","Merrillville, Lake County, Indiana, United States of America",41.4828144,-87.3328139
338,"Houston, Texas","Houston, Harris County, Texas, United States of America",29.7589382,-95.3676974
339,"Norfolk, Virginia","Norfolk, Virginia, 23510, United States of America",36.8462923,-76.2929252
340,"Chicago, Illinois","Chicago, Cook County, Illinois, United States of America",41.8755616,-87.6244212
341,"West Falls Church, Virginia","West Falls Church, Fairfax County, Virginia, United States of America",38.8656969,-77.201138
342,"Tempe, Arizona","Tempe, Maricopa County, Arizona, United States of America",33.4255056,-111.9400125
343,"Miami, Florida","Miami, Miami-Dade County, Florida, United States of America",25.7742658,-80.1936589
344,"Princeton, New Jersey","Princeton, Mercer County, New Jersey, United States of America",40.3492744,-74.6592958
345,"Charlotte, North Carolina","Charlotte, Mecklenburg County, North Carolina, United States of America",35.2272,-80.843083
346,"Santa Clara, California","Santa Clara County, California, United States of America",37.2333253,-121.6846349
347,"Reston, Virginia","Reston, Fairfax County, Virginia, United States of America",38.9583737,-77.3579805
348,"Springfield, Missouri","Springfield, Greene County, Missouri, United States of America",37.2166779,-93.2920373
349,"Houston, Texas","Houston, Harris County, Texas, United States of America",29.7589382,-95.3676974
350,"Thomasville, North Carolina","Thomasville, Davidson County, North Carolina, 27360, United States of America",35.8831786,-80.081817
351,"New York, New York","New York, United States of America",40.7127281,-74.0060152
352,"Tulsa, Oklahoma","Tulsa, Tulsa County, Oklahoma, United States of America",36.1556805,-95.9929113
353,"Redwood Shores, California","Redwood Shores, Redwood City, San Mateo County, California, 94065, United States of America",37.5318804,-122.2480219
354,"Farmington, Connecticut","Farmington, Hartford County, Connecticut, United States of America",41.7198216,-72.8320435
355,"Bellevue, Washington","Bellevue, King County, Washington, 98004-4452, United States of America",47.6144219,-122.1923372
356,"Lake Forest, Illinois","Lake Forest, Illinois, 60045, United States of America",42.2586342,-87.840625
357,"Cleveland, Ohio","Cleveland, Cuyahoga County, Ohio, United States of America",41.5051613,-81.6934446
358,"Penfield, New York","Penfield Town, New York, United States of America",43.1301133,-77.4759588
359,"Oklahoma City, Oklahoma","Oklahoma City, Oklahoma County, Oklahoma, United States of America",35.4729886,-97.5170536
360,"San Jose, California","San Jose, Santa Clara County, California, United States of America",37.3361905,-121.8905833
361,"Worsley, UK","Worsley, Orton Longueville, Peterborough, City of Peterborough, East of England, England, PE2 5QR, United Kingdom",52.5455577,-0.2904555
362,"Bridgeport, Connecticut","Bridgeport, Fairfield County, Connecticut, United States of America",41.1670412,-73.2048348
363,"Purchase, New York","Purchase, Harrison, Westchester County, New York, 10577, United States of America",41.0409305,-73.7145746
364,"Waltham, Massachusetts","Waltham, Middlesex County, Massachusetts, United States of America",42.3756401,-71.2358004
365,"Dublin, Ireland","Dublin, County Dublin, Leinster, Ireland",53.3497645,-6.2602732
366,"New York, New York","New York, United States of America",40.7127281,-74.0060152
367,"New York, New York","New York, United States of America",40.7127281,-74.0060152
368,"Houston, Texas","Houston, Harris County, Texas, United States of America",29.7589382,-95.3676974
369,"Phoenix, Arizona","Phoenix, Maricopa County, Arizona, United States of America",33.4484367,-112.0741417
370,"Irving, Texas","Irving, Dallas County, Texas, United States of America",32.8295183,-96.9442177
371,"Pittsburgh, Pennsylvania","Pittsburgh, Allegheny County, Pennsylvania, United States of America",40.4416941,-79.9900861
372,"Pittsburgh, Pennsylvania","Pittsburgh, Allegheny County, Pennsylvania, United States of America",40.4416941,-79.9900861
373,"Allentown, Pennsylvania","Allentown, Lehigh County, Pennsylvania, United States of America",40.6022059,-75.4712794
374,"Des Moines, Iowa","Des Moines, Polk County, Iowa, United States of America",41.5910641,-93.6037149
375,"Cincinnati, Ohio","Cincinnati, Hamilton County, Ohio, United States of America",39.1014537,-84.5124602
376,"Mayfield Village, Ohio","Mayfield, Cuyahoga County, Ohio, United States of America",41.541872,-81.439452
377,"San Francisco, California","San Francisco, San Francisco City and County, California, United States of America",37.7790262,-122.4199061
378,"Newark, New Jersey","Newark, Essex County, New Jersey, United States of America",40.735657,-74.1723667
379,"Newark, New Jersey","Newark, Essex County, New Jersey, United States of America",40.735657,-74.1723667
380,"Glendale, California","Glendale, Los Angeles County, California, United States of America",34.1469416,-118.2478471
381,"Atlanta, Georgia","Atlanta, Georgia, United States of America",33.7490987,-84.3901849
382,"New York, New York","New York, United States of America",40.7127281,-74.0060152
383,"Greensboro, North Carolina","Greensboro, Guilford County, North Carolina, United States of America",36.0726355,-79.7919754
384,"Houston, Texas","Houston, Harris County, Texas, United States of America",29.7589382,-95.3676974
385,"San Diego, California","San Diego, San Diego County, California, United States of America",32.7174209,-117.1627714
386,"Secaucus, New Jersey","Secaucus, Hudson County, New Jersey, United States of America",40.7899291,-74.0566735
387,"New York, New York","New York, United States of America",40.7127281,-74.0060152
388,"St. Petersburg, Florida","St. Petersburg, Pinellas County, Florida, United States of America",27.7703796,-82.6695085
389,"Waltham, Massachusetts","Waltham, Middlesex County, Massachusetts, United States of America",42.3756401,-71.2358004
390,"San Diego, California","San Diego, San Diego County, California, United States of America",32.7174209,-117.1627714
391,"Jacksonville, Florida","Jacksonville, Duval County, Florida, United States of America",30.3321838,-81.655651
392,"Tarrytown, New York","Tarrytown, Town of Greenburgh, Westchester County, New York, 10591, United States of America",41.0762077,-73.8587461
393,"Birmingham, Alabama","Birmingham, Jefferson County, Alabama, United States of America",33.5206824,-86.8024326
394,"Phoenix, Arizona","Phoenix, Maricopa County, Arizona, United States of America",33.4484367,-112.0741417
395,"San Diego, California","San Diego, San Diego County, California, United States of America",32.7174209,-117.1627714
396,"Menlo Park, California","Menlo Park, San Mateo County, California, United States of America",37.4519671,-122.1779927
397,"Milwaukee, Wisconsin","Milwaukee, Milwaukee County, Wisconsin, United States of America",43.0349931,-87.922497
398,"Atlanta, Georgia","Atlanta, Georgia, United States of America",33.7490987,-84.3901849
399,"Sarasota, Florida","Sarasota, Sarasota County, Florida, United States of America",27.3364347,-82.5306527
400,"Dublin, California","Dublin, Alameda County, California, United States of America",37.7021521,-121.9357918
401,"Miami, Florida","Miami, Miami-Dade County, Florida, United States of America",25.7742658,-80.1936589
402,"New York, New York","New York, United States of America",40.7127281,-74.0060152
403,"San Francisco, California","San Francisco, San Francisco City and County, California, United States of America",37.7790262,-122.4199061
404,"Boca Raton, Florida","Boca Raton, Palm Beach County, Florida, United States of America",26.3586885,-80.0830984
405,"Curaçao, Kingdom of the Netherlands","Curaçao, Nederland",12.1845,-68.9640875031406
406,"Dublin, Ireland","Dublin, County Dublin, Leinster, Ireland",53.3497645,-6.2602732
407,"Charlotte, North Carolina","Charlotte, Mecklenburg County, North Carolina, United States of America",35.2272,-80.843083
408,"San Diego, California","San Diego, San Diego County, California, United States of America",32.7174209,-117.1627714
409,"Santa Clara, California","Santa Clara County, California, United States of America",37.2333253,-121.6846349
410,"Cleveland, Ohio","Cleveland, Cuyahoga County, Ohio, United States of America",41.5051613,-81.6934446
411,"Indianapolis, Indiana","Indianapolis, Marion, Indiana, United States of America",39.7683331,-86.1583502
412,"Woburn, Massachusetts","Woburn, Middlesex County, Massachusetts, United States of America",42.4792618,-71.1522766
413,"New York, New York","New York, United States of America",40.7127281,-74.0060152
414,"Kenosha, Wisconsin","Kenosha, Kenosha County, Wisconsin, United States of America",42.5846773,-87.8212263
415,"Atlanta, Georgia","Atlanta, Georgia, United States of America",33.7490987,-84.3901849
416,"Dallas, Texas","Dallas, Dallas County, Texas, United States of America",32.7762719,-96.7968559
417,"New Britain, Connecticut","New Britain, Hartford County, Connecticut, United States of America",41.6612104,-72.7795419
418,"Seattle, Washington","Seattle, King County, Washington, United States of America",47.6038321,-122.3300624
419,"Boston, Massachusetts","Boston, Suffolk County, Massachusetts, United States of America",42.3602534,-71.0582912
420,"Dublin, Ireland","Dublin, County Dublin, Leinster, Ireland",53.3497645,-6.2602732
421,"Kalamazoo, Michigan","Kalamazoo, Kalamazoo County, Michigan, United States of America",42.291707,-85.5872286
422,"Santa Clara, California","Santa Clara County, California, United States of America",37.2333253,-121.6846349
423,"Stamford, Connecticut","Stamford, Fairfield County, Connecticut, United States of America",41.0534302,-73.5387341
424,"Mountain View, California","Mountain View, Santa Clara County, California, United States of America",37.3893889,-122.0832101
425,"Houston, Texas","Houston, Harris County, Texas, United States of America",29.7589382,-95.3676974
426,"Bellevue, Washington","Bellevue, King County, Washington, 98004-4452, United States of America",47.6144219,-122.1923372
427,"Baltimore, Maryland","Baltimore, Maryland, United States of America",39.2908816,-76.610759
428,"New York, New York","New York, United States of America",40.7127281,-74.0060152
429,"New York, New York","New York, United States of America",40.7127281,-74.0060152
430,"Minneapolis, Minnesota","Minneapolis, Hennepin County, Minnesota, United States of America",44.9772995,-93.2654692
431,"Schaffhausen, Switzerland","Schaffhausen, Switzerland",47.6960491,8.634513
432,"London, United Kingdom","London, Greater London, England, United Kingdom",51.5073219,-0.1276474
433,"Thousand Oaks, California","Thousand Oaks, Ventura County, California, United States of America",34.17142715,-118.91058772974445
434,"Wayne, Pennsylvania","Wayne, Delaware County, Pennsylvania, 19087-3305, United States of America",40.0440149,-75.3878616
435,"North Reading, Massachusetts","North Reading, Middlesex County, Massachusetts, United States of America",42.5750939,-71.0786653
436,"Dallas, Texas","Dallas, Dallas County, Texas, United States of America",32.7762719,-96.7968559
437,"Providence, Rhode Island","Providence, Providence County, Rhode Island, United States of America",41.8239891,-71.4128343
438,"Waltham, Massachusetts","Waltham, Middlesex County, Massachusetts, United States of America",42.3756401,-71.2358004
439,"New York, New York","New York, United States of America",40.7127281,-74.0060152
440,"Framingham, Massachusetts","Framingham, Middlesex County, Massachusetts, United States of America",42.2792625,-71.416172
441,"Brentwood, Tennessee","Brentwood, Williamson County, Tennessee, 37027, United States of America",36.0325687,-86.7825235
442,"Dublin, Ireland","Dublin, County Dublin, Leinster, Ireland",53.3497645,-6.2602732
443,"Cleveland, Ohio","Cleveland, Cuyahoga County, Ohio, United States of America",41.5051613,-81.6934446
444,"New York, New York","New York, United States of America",40.7127281,-74.0060152
445,"Charlotte, North Carolina","Charlotte, Mecklenburg County, North Carolina, United States of America",35.2272,-80.843083
446,"San Francisco, California","San Francisco, San Francisco City and County, California, United States of America",37.7790262,-122.4199061
447,"Plano, Texas","Plano, Collin County, Texas, United States of America",33.0136764,-96.6925096
448,"Springdale, Arkansas","Springdale, Washington County, Arkansas, United States of America",36.1867442,-94.1288142
449,"Highlands Ranch, Colorado","Highlands Ranch, Douglas County, Colorado, 80126, United States of America",39.5538771,-104.9694264
450,"Bolingbrook, Illinois","Bolingbrook, Will County, Illinois, United States of America",41.7003302,-88.0717708
451,"Minneapolis, Minnesota","Minneapolis, Hennepin County, Minnesota, United States of America",44.9772995,-93.2654692
452,"Baltimore, Maryland","Baltimore, Maryland, United States of America",39.2908816,-76.610759
453,"Baltimore, Maryland","Baltimore, Maryland, United States of America",39.2908816,-76.610759
454,"Omaha, Nebraska","Omaha, Douglas County, Nebraska, United States of America",41.2587459,-95.9383758
455,"Chicago, Illinois","Chicago, Cook County, Illinois, United States of America",41.8755616,-87.6244212
456,"Minnetonka, Minnesota","Minnetonka, Hennepin County, Minnesota, United States of America",44.9127229,-93.499059
457,"Atlanta, Georgia","Atlanta, Georgia, United States of America",33.7490987,-84.3901849
458,"Stamford, Connecticut","Stamford, Fairfield County, Connecticut, United States of America",41.0534302,-73.5387341
459,"King of Prussia, Pennsylvania","King of Prussia, Montgomery County, Pennsylvania, United States of America",40.0908111,-75.3832484
460,"Chattanooga, Tennessee","Chattanooga, Hamilton County, Tennessee, United States of America",35.0457219,-85.3094883
461,"Greensboro, North Carolina","Greensboro, Guilford County, North Carolina, United States of America",36.0726355,-79.7919754
462,"San Antonio, Texas","San Antonio, Bexar County, Texas, United States of America",29.4246002,-98.4951405
463,"Palo Alto, California","Palo Alto, Santa Clara County, California, United States of America",37.4443293,-122.1598465
464,"Chicago, Illinois","Chicago, Cook County, Illinois, United States of America",41.8755616,-87.6244212
465,"Dulles, Virginia","Washington Dulles International Airport, Stonecliff Terrace, Eastgate, Conklin, Eastgate, Loudoun County, Virginia, 20152, United States of America",38.95226625,-77.45342297783296
466,"Jersey City, New Jersey","Jersey City, Hudson County, New Jersey, United States of America",40.7281575,-74.0776417
467,"New York, New York","New York, United States of America",40.7127281,-74.0060152
468,"Cambridge, Massachusetts","Cambridge, Middlesex County, Massachusetts, United States of America",42.3750997,-71.1056157
469,"New York, New York","New York, United States of America",40.7127281,-74.0060152
470,"San Francisco, California","San Francisco, San Francisco City and County, California, United States of America",37.7790262,-122.4199061
471,"New York, New York","New York, United States of America",40.7127281,-74.0060152
472,"Birmingham, Alabama","Birmingham, Jefferson County, Alabama, United States of America",33.5206824,-86.8024326
473,"Greenwich, Connecticut","Greenwich, Fairfield County, Connecticut, United States of America",41.0264862,-73.6284598
474,"Wilmerding, Pennsylvania","Wilmerding, Allegheny County, Pennsylvania, United States of America",40.3909023,-79.8100473
475,"Bentonville, Arkansas","Bentonville, Benton County, Arkansas, 72712, United States of America",36.3728538,-94.2088172
476,"Deerfield, Illinois","Deerfield, Illinois, United States of America",42.1711365,-87.8445119
477,"Burbank, California","Burbank, Los Angeles County, California, United States of America",34.1816482,-118.3258554
478,"Houston, Texas","Houston, Harris County, Texas, United States of America",29.7589382,-95.3676974
479,"Milford, Massachusetts","Milford, Worcester County, Massachusetts, 01757, United States of America",42.1540735,-71.521871
480,"Milwaukee, Wisconsin","Milwaukee, Milwaukee County, Wisconsin, United States of America",43.0349931,-87.922497
481,"San Francisco, California","San Francisco, San Francisco City and County, California, United States of America",37.7790262,-122.4199061
482,"Toledo, Ohio","Toledo, Lucas County, Ohio, United States of America",41.6786754,-83.5127283
483,"Exton, Pennsylvania","Exton, Chester County, Pennsylvania, 19341, United States of America",40.0289955,-75.6207651
484,"San Jose, California","San Jose, Santa Clara County, California, United States of America",37.3361905,-121.8905833
485,"Englewood, Colorado","Englewood, Arapahoe County, Colorado, United States of America",39.6482059,-104.9879641
486,"Atlanta, Georgia","Atlanta, Georgia, United States of America",33.7490987,-84.3901849
487,"Federal Way, Washington","Federal Way, King County, Washington, United States of America",47.313494,-122.3393103
488,"Benton Harbor, Michigan","Benton Harbor, Berrien County, Michigan, United States of America",42.1167065,-86.4541894
489,"Tulsa, Oklahoma","Tulsa, Tulsa County, Oklahoma, United States of America",36.1556805,-95.9929113
490,"London, United Kingdom","London, Greater London, England, United Kingdom",51.5073219,-0.1276474
491,"Paradise, Nevada","Paradise, Clark County, Nevada, United States of America",36.1150858,-115.1734142
492,"Minneapolis, Minnesota","Minneapolis, Hennepin County, Minnesota, United States of America",44.9772995,-93.2654692
493,"Norwalk, Connecticut","Norwalk, Fairfield County, Connecticut, United States of America",41.1175966,-73.4078968
494,"San Jose, California","San Jose, Santa Clara County, California, United States of America",37.3361905,-121.8905833
495,"White Plains, New York","White Plains, Westchester County, New York, United States of America",41.0339862,-73.7629097
496,"Louisville, Kentucky","Louisville, Jefferson County, Kentucky, United States of America",38.2542376,-85.759407
497,"Lincolnshire, Illinois","Lincolnshire, Illinois, United States of America",42.1900249,-87.9084039
498,"Warsaw, Indiana","Warsaw, Kosciusko County, Indiana, United States of America",41.2381017,-85.8530544
499,"Salt Lake City, Utah","Salt Lake City, Salt Lake County, Utah, United States of America",40.7596198,-111.8867975
500,"Florham Park, New Jersey","Florham Park, Morris County, New Jersey, 07932, United States of America",40.787878,-74.3882072
